Workbook

Sheet Football Players Analysis
A1: Football Players Analysis
A3: TOTAL JUGADORES | C3: VALOR MEDIO | E3: VALOR MÁXIMO | G3: PAÍSES | I3: MEDIA GOLES INT.
A4: =COUNTA(Data_Players!A2:A49) | C4: =AVERAGE(Data_Players!D2:D49) | E4: =MAX(Data_Players!D2:D49) | G4: 30 | I4: =AVERAGE(Data_Players!E2:E49)
A7: PLAYERS BY POSITION
A9: Position | B9: Jugadores | C9: Promedio Valor ($M) | D9: Máximo Valor ($M)
A10: =Pivot_Tables!A3 | B10: =Pivot_Tables!B3 | C10: =Pivot_Tables!C3 | D10: =Pivot_Tables!D3
A11: =Pivot_Tables!A4 | B11: =Pivot_Tables!B4 | C11: =Pivot_Tables!C4 | D11: =Pivot_Tables!D4
A12: =Pivot_Tables!A5 | B12: =Pivot_Tables!B5 | C12: =Pivot_Tables!C5 | D12: =Pivot_Tables!D5
A13: =Pivot_Tables!A6 | B13: =Pivot_Tables!B6 | C13: =Pivot_Tables!C6 | D13: =Pivot_Tables!D6

Sheet Data_Players
A1: name | B1: position | C1: country | D1: market_value_millions | E1: international_goals
A2: Harry Kane | B2: Attack | C2: England | D2: 40 | E2: 62
A3: Kylian Mbappé | B3: Attack | C3: France | D3: 38 | E3: 46
A4: Erling Haaland | B4: Attack | C4: Norway | D4: 35 | E4: 27
A5: Robert Lewandowski | B5: Attack | C5: Poland | D5: 15 | E5: 82
A6: Vinícius Júnior | B6: Attack | C6: Brazil | D6: 30 | E6: 5
A7: Mohamed Salah | B7: Attack | C7: Egypt | D7: 25 | E7: 54
A8: Lautaro Martínez | B8: Attack | C8: Argentina | D8: 18 | E8: 21
A9: Victor Osimhen | B9: Attack | C9: Nigeria | D9: 20 | E9: 20
A10: Bukayo Saka | B10: Attack | C10: England | D10: 22 | E10: 11
A11: Rodrygo | B11: Attack | C11: Brazil | D11: 18 | E11: 4
A12: Antoine Griezmann | B12: Attack | C12: France | D12: 12 | E12: 44
A13: Heung-min Son | B13: Attack | C13: South Korea | D13: 15 | E13: 44
... A49: Marc-André ter Stegen | B49: Goalkeeper | C49: Germany | D49: 0 | E49: 0

Sheet Pivot_Tables
A1: POSITION ANALYSIS
A2: position | B2: Cuenta de name | C2: Promedio de market_value_millions | D2: Máx. de market_value_millions
A3: Attack | B3: =COUNTIF(Data_Players!B$2:B$49, A3) | C3: =AVERAGEIF(Data_Players!B$2:B$49, A3, Data_Players!D$2:D$49) | D3: =MAXIFS(Data_Players!D$2:D$49, Data_Players!B$2:B$49, A3)
A4: Defender | B4: =COUNTIF(Data_Players!B$2:B$49, A4) | C4: =AVERAGEIF(Data_Players!B$2:B$49, A4, Data_Players!D$2:D$49) | D4: =MAXIFS(Data_Players!D$2:D$49, Data_Players!B$2:B$49, A4)
A5: Goalkeeper | B5: =COUNTIF(Data_Players!B$2:B$49, A5) | C5: =AVERAGEIF(Data_Players!B$2:B$49, A5, Data_Players!D$2:D$49) | D5: =MAXIFS(Data_Players!D$2:D$49, Data_Players!B$2:B$49, A5)
A6: Midfield | B6: =COUNTIF(Data_Players!B$2:B$49, A6) | C6: =AVERAGEIF(Data_Players!B$2:B$49, A6, Data_Players!D$2:D$49) | D6: =MAXIFS(Data_Players!D$2:D$49, Data_Players!B$2:B$49, A6)
